question,category,company,question_at
간단한 자기소개,back,마이다스IT,2023
가장 기억에 남는 프로젝트는?,back,마이다스IT,2023
프로젝트를 하면서 가장 중요하다고 생각하는 것은?,back,마이다스IT,2023
프로젝트를 하면서 문제를 느끼고 개선해야겠다고 생각한 것은?,back,마이다스IT,2023
개발 말고 다른 기획이나 그런 거에도 참여해본 적이 있는지?,back,마이다스IT,2023
형상 관리 툴을 사용해본 적이 있는지?(git 등),back,마이다스IT,2023
개발할 때 컨벤션은 정해놓고 하는지? (코딩 스타일 규약),back,마이다스IT,2023
프로젝트를 할 때 일을 어떻게 나누는지?,back,마이다스IT,2023
개발자로서 어떤 것에 관심이 있고 5년 후 어떤 모습이면 좋을 것 같은지?,back,마이다스IT,2023
프리라이더가 있으면 어떻게?,back,마이다스IT,2023
인턴 하면서 무슨 역할?,back,마이다스IT,2023
소마고에 왜 갔는지?,back,마이다스IT,2023
왜 개발자가 되고 싶은지?,back,마이다스IT,2023
우리 회사에 온다면 하고 싶은 일은?,back,마이다스IT,2023
마지막으로 물어보고 싶은 거나 할 말은?,back,마이다스IT,2023
주로 자소서나 포트폴리오를 중점으로 질문하기 때문에 꼭 내용 숙지하기!,bank,신한은행,2023
Q1. 1분 자기소개,bank,신한은행,2023
Q2. 코딩테스트 잘 보셨는지 / 왜 자신이 잘하는 언어가 아닌 파이썬을 사용하셨나요?,bank,신한은행,2023
경험 기반,bank,신한은행,2023
Q1. 인턴에서 어떤 업무를 맡았고 / 어떤 결과를 냈는지 알 수 있을까요?,bank,신한은행,2023
Q2. 프로젝트 경험이 있으신지?,bank,신한은행,2023
포트폴리오 기반,bank,신한은행,2023
Q1. DB에서 알고있는 키가 있으신가요?,bank,신한은행,2023
Q2. 각 키가 어떤 의미있지 알고 계신가요?,bank,신한은행,2023
"Q3. db에서 정규화라는 개념을 알고 있으신지, DB 설계할 때 정규화를 사용해서 해보신 적 있으신가요?",bank,신한은행,2023
"Q4. Chat gpt에서 들어보신적이 있는지, 어떤 db가 중점적으로 사용되나요?",bank,신한은행,2023
Q5. JPA를 주로 사용하였는데 실제 쿼리를 쓰는 것과의 차이가 무엇입니까?,bank,신한은행,2023
Q1. 자신이 원하는 분야가 아닌 은행 서비스가 필요한 업무에 배정된다면 어떻게 할 것인가요?,bank,신한은행,2023
Q2. 신한은행에서 서비스가 중에서 기억에 남았던 기능 / 개선되었으면 하는 부분이 있나요?,bank,신한은행,2023
Q3. 신한은행에서 어떤 서비스를 개발하고 싶나요?,bank,신한은행,2023
Q4. 리더에 가까우신가요 팔로워에 가까우신가요?,bank,신한은행,2023
Q5. 미처 답변하지 못했던 말이나 마지막 할 말 얘기해주세요,bank,신한은행,2023
"한 화면에 두분 계셨고, 압박감은 없었습니다!",bank,신한은행,2023
자기소개,bank,신한은행,2023
-> 자기소개 기반 질문,bank,신한은행,2023
리더인가 팔로워인가,bank,신한은행,2023
다른 사람이 리더를 한다고 할 때 어떤 자세를 취할것인가,bank,신한은행,2023
리더를 못한다면 어떻게 할것인가,bank,신한은행,2023
데이터베이스분야로 가고싶다 했는데 DML과 DDL의 차이를 아는가,bank,신한은행,2023
정보보안쪽으로 관심이 있는가/준비를 했는가,bank,신한은행,2023
이런 프로젝트를 진행했다고 했는데 이때 느낀 것이 있는가?,bank,신한은행,2023
자신있는 언어,bank,신한은행,2023
왜 자신있는가,bank,신한은행,2023
포트폴리오에 기술스택으로 C#과 java를 적었는데 둘의 차이를 아는가,bank,신한은행,2023
코딩테스트 질문,bank,신한은행,2023
어려웠나 -> 4번이 어려웠다고 대답,bank,신한은행,2023
4번이 어려운게 시간이 없어서였는가?,bank,신한은행,2023
1분 자기소개,bank,신한은행,2023
인생에서 실패했던 경험,bank,신한은행,2023
현재 진행하고 있는 프로젝트,bank,신한은행,2023
개발로 인해 다른 부서와 갈등이 생기면 어떻게 할 것인지,bank,신한은행,2023
백엔드 개발 해 본적 있는지,bank,신한은행,2023
사용자 친화적인 서비스를 어떻게 만들 것인지,bank,신한은행,2023
프로젝트 실제로 운영 중인지,bank,신한은행,2023
-> 안하고있는 이유,bank,신한은행,2023
-> 문제만 해결 되면 운영해볼 생각 있는지,bank,신한은행,2023
자기소개와 포트폴리오를 자주 언급하십니다! 이는 숙지할 것!,bank,신한은행,2023
1) 직무에서 하기 싫은 일을 맡아야 할 때도 있는데 프로젝트에서도 그런 적 있나요?,bank,신한은행,2023
1 - 1) 어쩌다 맡게 되셨나요?,bank,신한은행,2023
2) 외주 프로젝트를 진행하면서 애로사항은 무엇이었나요?,bank,신한은행,2023
2 - 1) 그것을 어떻게 해결했나요?,bank,신한은행,2023
3) Flutter와 Spring 차이는 무엇인가요?,bank,신한은행,2023
4) 가장 자신있는 기술스택은 어떤 것인가요? (프론트엔드),bank,신한은행,2023
5) 가장 자신있는 프로그래밍 언어은 무엇이 있을까요? (프론트엔드 제외),bank,신한은행,2023
"6) 리더형인가요, 팔로워형인가요?",bank,신한은행,2023
6 - 1) - 리더 경험이 있으신가요?,bank,신한은행,2023
7) MVVM 패턴에 대해 말씀해주세요.,bank,신한은행,2023
8) 학교를 고르실 때 개인의 의지가 있었나요? 아님 다른 사람의 추천이 있었나요?,bank,신한은행,2023
9) 프로그래밍 재밌어요?,bank,신한은행,2023
9 - 1) 어떤 느낌이 드시나요?,bank,신한은행,2023
10) 아무래도 기숙사 학교다 보니깐 개인적인 공부 시간을 확보하는 게 힘들 것 같은데 시간을 어떻게 내시나요?,bank,신한은행,2023
11) 최근에 개인적으로 공부하고 계신게 어떤 것인가요?,bank,신한은행,2023
11 - 1) 어떤 방법을 사용하여 그것을 공부하고 계신가요?,bank,신한은행,2023
12) 마지막 할 말은 따로 있으신가요?,bank,신한은행,2023
자기소개,front,블루바이저 ai 면접,2023
자신의 성격과 장단점,front,블루바이저 ai 면접,2023
진행했던 프로젝트 중 가장 힘들었던 프로젝트는 어떤것이고 어떤것이 힘들었는지 설명,front,블루바이저 ai 면접,2023
네이티브 앱과 비교하여 크로스 플랫폼의 단점 설명,front,블루바이저 ai 면접,2023
데이터 통신 방식 중 비동기 방식에 대해 설명,front,블루바이저 ai 면접,2023
성격장단점,front,블루바이저 ai 면접,2023
가장자신있는 개발언어와 해당 언어로 진행했던 대표적인 프로젝트 설명,front,블루바이저 ai 면접,2023
데이터베이스 트랜잭션의 처리과정 중 commit과 rolback에 대해 설명,front,블루바이저 ai 면접,2023
nosql이란 무엇이고 rdms와 비교하여 장단점 설명,front,블루바이저 ai 면접,2023
자기소개,back,아이디노,2023
되고싶은 사람 되기싫은 사람,back,아이디노,2023
기술이 서버 지원이 안되면 어떻게?,back,아이디노,2023
스타트업같은 불안정이랑 안정적 뭐가 더 좋은지,back,아이디노,2023
TCP 프로젝트 이름 이유,back,아이디노,2023
기숙사 문 제어 서비스 보안 문제는 어떻게,back,아이디노,2023
DB 뭐 써보셨나요?,back,아이디노,2023
디자인 툴 뭐 써보셨나요,back,아이디노,2023
의사소통 갈등 상황,back,아이디노,2023
게시판 처음부터 끝까지 개발할 수 있나요?,back,아이디노,2023
DB 테이블 몇개쓰세요?,back,아이디노,2023
DB 설계 해보셨나요?,back,아이디노,2023
TCP 개발하면서 힘들었던 점,back,아이디노,2023
프로젝트 할때 주로 몇명이서 하는지,back,아이디노,2023
1. 다른 분야의 개발도 많이 해본 것 같은데 왜 백엔드로 정하게 되었는가,back,니더,2023
"2. 원래부터 이쪽 분야에 관심이 있었는지, 언제부터 있었고 어쩌다가 하게 되었나",back,니더,2023
3. 다른 회사에 지원한 적이 있는가,back,니더,2023
3-1. 대기업 같은 곳을 가지 않고 우리 회사를 고른 특별한 이유가 있는가,back,니더,2023
"4. 다른 사람과 함께 협업한 적이 있는가, 코드 리뷰 같은 것을 진행한 적이 있는가",back,니더,2023
"5. 디자이너 같은 비 개발 직군과 함께 소통한 적이 있는가, 잘 할 수 있는가",back,니더,2023
"6. 자신은 팀에서 리더인가 팔로워인가, 왜 그렇게 생각하는가",back,니더,2023
7. 팀 프로젝트를 진행하면서 발생했던 문제점이 있는가,back,니더,2023
8. 다른 사람과의 의견이 맞지 않는다면 어떻게 할 것인가,back,니더,2023
9. 만약 회사에서 작성한 코드가 본인이 보기에 마음에 들지 않으면 어떻게 할 것인가,back,니더,2023
10. 만약 프로젝트 마감일까지 완성하지 못할 것 같다면 프로젝트의 완성도를 우선시 할 것인가 마감 기한을 지킬 것인가,back,니더,2023
11. 회사에서 무슨 일을 하고 싶은가,back,니더,2023
12. 어떠한 개발자가 되고 싶다는 꿈이 있는가,back,니더,2023
13. 10년 후 자신은 어떤 사람이 되어있을 것 같은가,back,니더,2023
14. 대학에 진학할 생각이 있는가,back,니더,2023
14-1. 대학에 진학하지 않고 고등학교에서 공부한 내용만으로도 실무에서 잘 할 수 있는가,back,니더,2023
15. 급구 서비스를 한번 써봤나?,back,니더,2023
15-1. 급구 서비스를 개발자의 관점에서 보았을 때 서비스의 전체적인 구조가 어떨 것 같은지 설명해보세요,back,니더,2023
16. 코딩테스트의 이 문제를 어떻게 하면 더 효율적으로 해결할 수 있을 것 같은가,back,니더,2023
17. 코딩테스트의 이 문제에서는 특정 알고리즘을 사용하면 되는데 어떠한 알고리즘인지 알고 있는가,back,니더,2023
18. AOP(관점 지향 프로그래밍)가 무엇인가,back,니더,2023
19. DB에서 PK를 UUID로 하면 발생하는 문제점,back,니더,2023
20. DB에서 동시성 문제를 어떻게 해결할 수 있는가,back,니더,2023
21. DB 작업 중 문제가 발생할 때 작업 내용을 되돌릴 수 있는 방법을 알고 있는가,back,니더,2023
1. 대회 수상 관련,front,블루바이저,2023
2. 기술스택,front,블루바이저,2023
3. 프로젝트에서 힘든점 있었던거,front,블루바이저,2023
4. 둘이 친한가?,front,블루바이저,2023
5. 관심있게 한 기술스택,front,블루바이저,2023
6. 프로젝트를 진행하면서 생소했던 경험,front,블루바이저,2023
"7. 해커톤 우수상, 최우수상 관련 주제와 경험",front,블루바이저,2023
"8. 해커톤 && 인공지능 질문, 구현",front,블루바이저,2023
정보보안 관련 수상이 있던데?,front,블루바이저,2023
- 정보보안 관련해서도 관심이 있나?,front,블루바이저,2023
개인 수상 관련(기술 관련 X),front,블루바이저,2023
독서상이 있던데 독서를 많이 하시나?,front,블루바이저,2023
- 인상 깊었던 책이 있다면?,front,블루바이저,2023
Node.js 사용하면서 어려웠던점,front,블루바이저,2023
Node.js 하면서 했던 프로젝트,front,블루바이저,2023
학교 프로젝트가 아닌 개인으로 했던 프로젝트,front,블루바이저,2023
Python으로 무엇을 해보았나?,front,블루바이저,2023
Python으로 데이터분석을 하셨다 했는데 어떤 것을 분석해봤냐,front,블루바이저,2023
- 어떤 것을 분석했다 했는데 그것으로 어떤 결과를 내었나,front,블루바이저,2023
-- 그 분석한 것이 다른 사람에게 보여줄 수 있는 정도인가?,front,블루바이저,2023
Git 사용할 줄 아시나요?,front,블루바이저,2023
해커톤은 어떤 해커톤을 하였나,front,블루바이저,2023
디자인 기획 관련한 툴 사용 경험,front,블루바이저,2023
자신이 생각하는 성격?,front,블루바이저,2023
- 다른 친구들이 너의 성격을 뭐라고 말하나?,front,블루바이저,2023
"어떻게 이쪽 분야로 가기로 결심했나?(프론트,백엔드,앱 등)",front,블루바이저,2023
기획 관련해서 자신의 강점?,front,블루바이저,2023
마지막으로 하실 질문?,front,블루바이저,2023
(둘이서) 친한 친구인가요?,front,블루바이저,2023
제출한 이력서를 보며 기술 면접(대부분의 시간 할애 ex)부마위키 ),back,라이너(기술면접),2024
라이너에 왜 합류하고 싶은지?,back,라이너(기술면접),2024
성격의 단점 2개정도,back,라이너(기술면접),2024
- 한번에 물어본게 아니라 하나 물어보고 좀 추가로 더,back,라이너(기술면접),2024
프로젝트를 진행하면서 어려웠던 거,back,라이너(기술면접),2024
"과제했던거 정말 간단하게 쿼리 왜 이렇게 짰는지, 마리아DB왜 썼는지 정도만 질문 (readme만 읽은 듯)",back,라이너(기술면접),2024
3년뒤 혹은 5년뒤에 어떤 모습?,back,라이너(기술면접),2024
- 인생목표가 무엇인가?,back,라이너(기술면접),2024
열심히 사는 것에 원동력,back,라이너(기술면접),2024
질문 있는지?,back,라이너(기술면접),2024
- 뉴스랑 기술블로그 관련해서 얘기,back,라이너(기술면접),2024
블로그에 관한 얘기 많이 함,back,라이너(기술면접),2024
백엔드 개발자 개발자한테 중요한 것,back,라이너(기술면접),2024
자기가 작성한 이력서에 대한 완벽한 이해,back,라이너(기술면접),2024
협업에서 마찰,back,라이너(기술면접),2024
차별화된 본인의 강점,back,라이너(기술면접),2024
이 직무하기 위해서 어떠한 노력?,back,라이너(기술면접),2024
동기부여가 안되어 있는 팀원과 일한 경험?,back,라이너(기술면접),2024
1분 자기소개,front,핀다(기술면접),2024
마이스터고에 진학안 이유,front,핀다(기술면접),2024
학생회장 및 여러 프로젝트를 진행하면서 얻은 역량(개발 외적으로),front,핀다(기술면접),2024
일반고 - 대학교 진학에 비해 마이스터고가 갖는 차별점 및 강점,front,핀다(기술면접),2024
"회의 중 발생하는 갈등에 대한 경험, 갈등을 해결한 방법",front,핀다(기술면접),2024
"본인이 팀의 리더일 때, 팀을 이끄는 방식",front,핀다(기술면접),2024
본인이 가장 싫어하는 팀을 이끄는 방식,front,핀다(기술면접),2024
"만약 사람 7명중 본인이 한 명이라면, 그 구성원에서 어떤 역할을 담당하는지",front,핀다(기술면접),2024
"입사 후, 개인 역량 강화를 위한 로드맵 제시",front,핀다(기술면접),2024
(부마위키) 선배가 만들어논거 베이스로 만든건지 아니면 선배랑 같이 만든건지,front,핀다(기술면접),2024
"(부마위키) S3로 이미지를 저장하는 것 같은데, S3가 아닌 외부 이미지 도메인을 에디터에 넣어도 S3로 변환되는지",front,핀다(기술면접),2024
"(부마위키) 커뮤니티 서비스를 구축하다보면 악의적이거나 욕설, 허구의 글을 작성하는 경우가 있을 수 있는데 이는 어떻게 처리하는지",front,핀다(기술면접),2024
(부마위키) 데이터 모델 - 사이트의 데이터베이스 설계가 어떻게 되어있는지,front,핀다(기술면접),2024
(부마위키) 태그 안에 태그가 중첩될 경우 어떻게 처리가 되는지,front,핀다(기술면접),2024
(부마위키) 스트링베이스로 데이터를 저장하고 replace문으로 문자를 처리하면 성능 이슈가 생기지 않는지,front,핀다(기술면접),2024
(부마위키) replace문으로 태그를 처리한다 가정했을 때 regex가 글로벌로 선언되어있기에 다른 regex와 겹치진 않는지,front,핀다(기술면접),2024
"(부마위키) 사이트 체류시간을 두 컴포넌트를 추가함으로 늘렸다 했는데, 왜 그 컴포넌트를 추가했을 때 체류시간이 늘거라 예상했는지",front,핀다(기술면접),2024
(너랑나랑) 프로젝트 설명,front,핀다(기술면접),2024
(너랑나랑) 데이터분석을 할 때에는 어떤 기술스택을 사용했는지,front,핀다(기술면접),2024
(너랑나랑) 카카오톡 대화 내역을 업로드하는 방법은 대화 내용 내보내기 밖에 없는지,front,핀다(기술면접),2024
"리액트 렌더링 단계 (useLayoutEffect, useEffect, rendered, Parent와 Child 컴포넌트 렌더링 순서)",front,핀다(기술면접),2024
클로져 예제 정답 답변 및 클로져 설명,front,핀다(기술면접),2024
코딩 테스트(1) : 시뮬레이션. (코드트리 문제이름 : 편안한 핀셋),back,브랜치앤바운드(라이브 코딩),2024
코딩 테스트(2) : gcd + 그리디 알고리즘. (코드트리 문제이름 : n등분하기),back,브랜치앤바운드(라이브 코딩),2024
● 자기소개 해주실 수 있나요?,back,브랜치앤바운드(비대면면접),2024
● 코드트리에 지원하시게 된 이유?,back,브랜치앤바운드(비대면면접),2024
● 자사 이전에 지원하고 싶었던 회사 있었나요?,back,브랜치앤바운드(비대면면접),2024
● 코드트리에서 어떤점이 가장 마음에 드셨나요?,back,브랜치앤바운드(비대면면접),2024
● 최근 실력진단 점수가 어떻게 되나요?,back,브랜치앤바운드(비대면면접),2024
"● 말씀 잘하시던데, 이전에 면접 경험 많나요?",back,브랜치앤바운드(비대면면접),2024
"● 자소서 잘쓰셨던데, 누군가의 도움을 받았나요?",back,브랜치앤바운드(비대면면접),2024
● 성격의 장단점이 어떻게 되나요?,back,브랜치앤바운드(비대면면접),2024
"● 끝까지 파고 드는게 장점인데, 관련된 경험이 어떤게 있나요?",back,브랜치앤바운드(비대면면접),2024
● 이때까지 가장 깊게 파고든게 어떤게 있나요?,back,브랜치앤바운드(비대면면접),2024
● 개발 분야 말고 끝까지 파고 든 경험?,back,브랜치앤바운드(비대면면접),2024
● 단점은 뭐가 있을까요?,back,브랜치앤바운드(비대면면접),2024
"● 1차 면접도 보셨는데, 어떠셨었나요?",back,브랜치앤바운드(비대면면접),2024
(1차 면접관님이랑 같이 일해보고 싶다고 함) -> 1차 면접관님과 같이 일해보고 싶었던 이유는?,back,브랜치앤바운드(비대면면접),2024
● 어떤 성격의 동료를 좋아하시나요?,back,브랜치앤바운드(비대면면접),2024
● 자신과 맞지 않는 성격을 가진 동료와 어떻게 협업할 것인가요?,back,브랜치앤바운드(비대면면접),2024
● 본인이 가장 크게 성장하게 된 사건,back,브랜치앤바운드(비대면면접),2024
● 본인이 실패해 본 경험을 말씀해 주세요,back,브랜치앤바운드(비대면면접),2024
● 최근에 자기개발 이나 준비중인거는 뭐가 있나요? 사용하는 시간은?,back,브랜치앤바운드(비대면면접),2024
● 알고리즘을 좋아하는 이유는?,back,브랜치앤바운드(비대면면접),2024
● 컨탠츠 부분만 담당하게 된다면 어떨거 같나요?,back,브랜치앤바운드(비대면면접),2024
● 해당 부분에서 일한다면 5년 후 내 모습은 어떨거 같나요?,back,브랜치앤바운드(비대면면접),2024
● 회사에 기대하는 바가 있나요?,back,브랜치앤바운드(비대면면접),2024
● 어떤 동료가 같이 일하기 좋으신가요/싫으신가요?,back,브랜치앤바운드(비대면면접),2024
- 개선 경험?,back,브랜치앤바운드(비대면면접),2024
● 살면서 아주 높은 기준을 세우고 도전해본적이 있으실까요?,back,브랜치앤바운드(비대면면접),2024
● 알고리즘 공부한지 얼마나 되셨나요?,back,브랜치앤바운드(비대면면접),2024
● 알고있는 알고리즘 중 가장 어려운 알고리즘은?,back,브랜치앤바운드(비대면면접),2024
"● 제가 비개발자이고, 문과인데 dp에 관해서 설명해주실 수 있을까요?",back,브랜치앤바운드(비대면면접),2024
● 평소에 친구들이나 동료들에게 모르는거 가르치는거 좋아하시나요?,back,브랜치앤바운드(비대면면접),2024
● 가르치는 거에서 어떤걸 잘한다고 생각하시나요?,back,브랜치앤바운드(비대면면접),2024
● 코드트리 오시면 어떤일 하시고 싶으신가요?,back,브랜치앤바운드(비대면면접),2024
● 코드트리에서 아쉬웠던 점,back,브랜치앤바운드(비대면면접),2024
● 코드트리에서 좋았던 점,back,브랜치앤바운드(비대면면접),2024
● C++만 쓰시나요?,back,브랜치앤바운드(비대면면접),2024
"● 가장 친한친구 소개(+ 그 친구의 캐릭터, 특징)",back,브랜치앤바운드(비대면면접),2024
● 어떤 친구랑 어울리기 힘든가요?,back,브랜치앤바운드(비대면면접),2024
● 알고리즘 말고 다른걸 가르쳐보라면 뭘 가르칠 수 있을까요?,back,브랜치앤바운드(비대면면접),2024
● 왜 민우님을 모셔야 하는지 설득해주세요.,back,브랜치앤바운드(비대면면접),2024
"● 써본 서비스(웹, 앱) 중에서 가장 좋았던 서비스는?",back,브랜치앤바운드(비대면면접),2024
"● 사용하는 서비스(웹, 앱)중에서 가장 자주 사용하고 있는 서비스는?",back,브랜치앤바운드(비대면면접),2024
"● dp를 피보나치 예시를 들어서 설명했는데, 피보나치도 모르고, 재귀함수도 모르는 문과에게는 눈높이가 맞춰져 있었나?",back,브랜치앤바운드(비대면면접),2024
● 코드트리가 왜 어려운 문제가 없는지 생각해본적 있을까요?,back,브랜치앤바운드(비대면면접),2024
"● 해당 직무에 적성에 맞지 않고 힘들다, 재미없다면 어떻게 할건지?",back,브랜치앤바운드(비대면면접),2024
● 회사에 궁금한 부분이 있을까요?,back,브랜치앤바운드(비대면면접),2024
● 마지막으로 하지 못한 이야기를 해주세요.,back,브랜치앤바운드(비대면면접),2024
3:1 면접 (1시간 예정이었지만 20분정도 진행),back,아키스케치(기술면접),2024
1. 자기소개랑 지원 동기,back,아키스케치(기술면접),2024
직접 진행해본 프로젝트 있는지(노담노담 언급),back,아키스케치(기술면접),2024
2. 프론트엔드 개발 직접 다한건지(노담노담),back,아키스케치(기술면접),2024
3. 자동배포 어디다 올렸는지,back,아키스케치(기술면접),2024
3-1. 파이프라인 어떻게 구축했는지(도커 언급),back,아키스케치(기술면접),2024
3-2. 도커가 뭐하는건지 도커 컨테이너랑 vm 차이,back,아키스케치(기술면접),2024
5. CS 학교에서 알려주는거만 열심히 듣는지 개별적으로 공부하는지,back,아키스케치(기술면접),2024
5-1. 최근에 뭐 공부했는지(DB 인덱스 언급),back,아키스케치(기술면접),2024
5-2. 인덱스에 대한 설명,back,아키스케치(기술면접),2024
6. 코틀린 어떻게 배웠는지 / 자바가 가장 편한 언어인지(이력서 기술스택엔 코틀린이 없었음),back,아키스케치(기술면접),2024
7. 과제할 �� 어려운점 없었는지,back,아키스케치(기술면접),2024
8. 직접 운영해본 서비스가 있는지(인피니티 언급),back,아키스케치(기술면접),2024
9. 회사가 서울에 있는데 각오는 되어 있는지,back,아키스케치(기술면접),2024
10. 회사에서 어떤거 배워보고 싶은지,back,아키스케치(기술면접),2024
11. 회사에 들어오게 된다면 산업에 직접 기여하게 될텐데 자신있는지,back,아키스케치(기술면접),2024
12. 라즈베리파이 사용했다고 말씀해주셨는데 AWS같은 서비스는 사용해본 경험은 없는지,back,아키스케치(기술면접),2024
1-1.(BSM) 어떤 데이터를 시각화했는지에 대해서 설명,front,핀다(2차면접),2024
1-2.(BSM) 이 데이터를 시각화할 때 기획을 누가 했는지,front,핀다(2차면접),2024
1-3.(BSM) 본인이 했다면 어떤 그래프를 사용하여 시각화를 했는지,front,핀다(2차면접),2024
"1-4.(BSM) 어떤 레이아웃으로 처음에 시각화할 기획을 했는지, 그 이유",front,핀다(2차면접),2024
1-5.(BSM) 그래프 시각화로 인해서 어떤 점을 사용자에게 가장 먼저 얻게 포커스가 되어있는지,front,핀다(2차면접),2024
1-6.(BSM) 도입했던 여러가지 그래프 중 제일 프로젝트에서 좋다고 생각하는 그래프는 무엇인지와 그 이유,front,핀다(2차면접),2024
"1-7.(BSM) 레이더 차트는 여러가지 속성들이 분산되어있어 시각적으로 UI를 해칠 수도 있었는데 맞는지, 또는 이를 어떻게 해결했는지",front,핀다(2차면접),2024
2-1.(부마위키) 서비스 소개,front,핀다(2차면접),2024
"2-2.(부마위키) 마크업 랭귀지를 만들었다고 했는데, 왜 그리고 어떤 기준으로 만들었는지",front,핀다(2차면접),2024
2-3.(부마위키) 이 마크업 랭귀지를 사용자들에게 제공할 때 어떤 식으로 사용법을 알려주었는지,front,핀다(2차면접),2024
3. 직무를 이행할 때 본인이 가진 장점과 단점,front,핀다(2차면접),2024
4. 프로젝트를 진행하면서 발생한 이슈,front,핀다(2차면접),2024
5. 프리라이더가 발생했을 때 어떻게 대처하였는지,front,핀다(2차면접),2024
"5-1. 프리라이더가 있을 때, 본인이 혼자 다 하는 것 보다 권요해보는 프로세스가 더 좋지는 않은지?",front,핀다(2차면접),2024
"6. 핀다에 질문한 내용 : 다가 BaaS 서비스를 목표로 한다는 기사를 보았는데, 이 개인화된 BaaS 서비스가 완성되는 예정 날짜가 있는지?",front,핀다(2차면접),2024
6-1.(질문에 대한 역질문) 왜 여러가지 질문 중에서도 개인화된 은행에 대해 질문했는지,front,핀다(2차면접),2024
"6-2.(질문에 대한 역질문) 은행 개인화에 왜 관심이 있는지, 그리고 핀다를 떠나서 그냥 개발자로써 개인화된 은행에 대해 도메인을 맡게 된다면 어떤 점이 이점으로 작용할지",front,핀다(2차면접),2024
6-3.(질문에 대한 역질문) 왜 시중에 아직 개인화된 은행이 출시되지 않았다고 판단했는지,front,핀다(2차면접),2024
6-4.(질문에 대한 역질문) 어떤 서비스를 제공하면 개인화된 은행이라고 사람들이 이야기할 수 있을지,front,핀다(2차면접),2024
"6-5.(질문에 대한 역질문) 개인화된 은행에 대해서 이 정보를 제공하는 데이터 팀이 궁금한건지, AI 팀이 궁금한건지, 이를 개발하는 백엔드팀이 궁금한건지",front,핀다(2차면접),2024
6-6.(질문에 대한 역질문) 본인이 개인화된 은행이 있다면 그중 사용하고 싶은 서비스와 이유,front,핀다(2차면접),2024
"자기소개, 지원동기, 커리어패스",design,샌드버그(기술면접),2024
"(지원동기 추가 질문) 성장하는 것이 마음에 든다고 하였는데, 우리 기업 뿐만 아니라, 중견기업, 대기업에서도 성장을 할 수 있는데 어떻게 생각하는지",design,샌드버그(기술면접),2024
"(자기소개) 개발도 가능하다는 점이 다른 디자이너와 구분된다고 하는데, 본인이 디자인한 것이 react 컴포넌트 구현이 가능한지?",design,샌드버그(기술면접),2024
(자기소개) props 받을 정도로 디자인이 가능한지?,design,샌드버그(기술면접),2024
"프론트엔드 개발할때 디자인 구현하기 쉽게 변경해주는 라이브러리가 있는데 알고 있는지, 사용해본적 있는지",design,샌드버그(기술면접),2024
"커리어패스에서 프롬프트 디자이너 언급하면서 트랜드를 따라가기위해 많은 노력을 하는것 같은데 그런 래퍼런스를 찾을 때 비핸스나 플러스엑스등을 사용하는지, 또 다른 추천할만한 래퍼런스가 있는지",design,샌드버그(기술면접),2024
생성형 ai를 활용하는것은 시간이 지나면 누구나 가능한데 왜 이 디자인이 좋은 디자인인지 설득하는 능력이 중요하다. 이것을 설득하기 위해 어떤 액션을 취할 것인지,design,샌드버그(기술면접),2024
"공모전 참가 경험, 최근 준비중인 공모전이 있는지",design,샌드버그(기술면접),2024
"가장 좋아하는 웹이나 앱사이트의 디자인, 이유",design,샌드버그(기술면접),2024
답변한것 이외에 또 다른 좋아하는 디자인이 있는지,design,샌드버그(기술면접),2024
학교에서 배운 디자인 커리큘럼과 본인이 별도로한 노력,design,샌드버그(기술면접),2024
"가장 자신있는 디자인 분야(시각디자인, 웹디자인, 앱디자인)",design,샌드버그(기술면접),2024
본인의 대표적인 프로젝트와 설명,design,샌드버그(기술면접),2024
기획을 담당하기도 했는데 어땠는지?,design,샌드버그(기술면접),2024
프로젝트 경험에서 어려웠던 점은?,design,샌드버그(기술면접),2024
포트폴리오 미연시게임 일러스트 직접 그린것인지,design,샌드버그(기술면접),2024
협업하여 프로젝트를 만들때 어떤 툴을 사용했는지,design,샌드버그(기술면접),2024
협업활동을 할때 문서 작업을 해본적이 있는지,design,샌드버그(기술면접),2024
Q. 간단한 자기소개 해 주세요.,front,샌드버그(기술면접),2024
Q. 지원동기를 알려 주세요.,front,샌드버그(기술면접),2024
Q. 프론트엔드 개발자로서의 커리어 패스가 있다면 알려 주세요.,front,샌드버그(기술면접),2024
"(대답을 잘 못하자 몇 단계에서는 뭐 하고, 몇 단계에서는 어떤 걸 하고 이런 게 아닌 '어떤 개발자가 되고 싶다'라는 게 있으면 알려달라고 하셨음)",front,샌드버그(기술면접),2024
Q. OO 학생의 대표적인 프로젝트에 대해 설명해 주세요.,front,샌드버그(기술면접),2024
"Q. 샌드버그의 '스냅' 서비스를 보았을 때, 지원자의 자신의 기준으로서는 핀테크라는 도메인이 우선되어야 하는지, 기술에 대한 공부가 우선되어야 하는지 말해 주세요.",front,샌드버그(기술면접),2024
"Q. SQLD, 정보처리산업기사 등 괜찮은 자격증이 많네요, 그러면 데이터베이스 쪽으로 여쭤볼게요. 정규화와 반정규화에 대해 설명해 주시겠어요?",front,샌드버그(기술면접),2024
Q. SSR과 CSR에 대해 설명해 주세요.,front,샌드버그(기술면접),2024
"Q. (준경이 이력서 보시고) 이력서에 라이브러리를 적어 두셨네요, (여러 상태 관리 라이브러리 말씀하시고) 상태 관리 라이브러리를 사용했던 경험을 말해 주세요.",front,샌드버그(기술면접),2024
Q. (준경) Virtual Dom에 대해서 설명해 주세요.,front,샌드버그(기술면접),2024
"Q. 디자인, 기획, 프론트, 백엔드 중에서 프론트엔드 개발을 선택한 이유를 알려 주세요.",front,샌드버그(기술면접),2024
"Q. 설아 학생 깃허브에 helppy_frontend라는 레포지토리에서 Next.js를 사용하고 있는데, 왜 page 라우터를 사용했는지와 이 레포지토리에 대한 설명도 해 주세요.",front,샌드버그(기술면접),2024
"Q. (준경) 준경 학생 블로그에 클로저에 대한 글이 있는데, 클로저에 대해 설명해 주세요.",front,샌드버그(기술면접),2024
"Q. (준경) 준경 학생은 과제에서 Next.js와 tailwind를 사용하셨는데, tailwind에 대해서는 얼마나 알고 계시나요?",front,샌드버그(기술면접),2024
Q. 설아 학생은 tailwind에 대해 알고 계시나요?,front,샌드버그(기술면접),2024
Q. 프론트엔드 개발 면에서) 좋아하는 라이브러리가 있으신가요?,front,샌드버그(기술면접),2024
Q. OO 학생은 프론트엔드 개발자로서의 강점이 무엇이라고 생각하세요?,front,샌드버그(기술면접),2024
Q. 프론트엔드 기술 동향이나 이슈를 알고 있는 게 있으신가요?,front,샌드버그(기술면접),2024
"Q. 좋아하는 라이브러리나 프로그램이 있으신가요? (예를 들어 텍스트 에디터는 VSCode, 협업 면에서는 깃허브 등...)",front,샌드버그(기술면접),2024
- (심)SSR CSR의 차이점을 알려주새요.,front,샌드버그(기술면접),2024
- (황)Virtual-dom이 무엇인지 알고있나요.,front,샌드버그(기술면접),2024
- 협업을 할때 어려운 점은 없었나요?,front,샌드버그(기술면접),2024
- 스냅(자사 서비스)과 유사한 서비스를 알고 있는게 있으신가요?,front,샌드버그(기술면접),2024
- 핀테크에 대해 얼마나 알고계신가요?,front,샌드버그(기술면접),2024
- 스냅 프로젝트가 아닌 다른 프로젝트에 투입될 수 있는데 어떤가요?,front,샌드버그(기술면접),2024
- 마지막으로 하실 말씀 있으실까요?,front,샌드버그(기술면접),2024
어떻게 성장했는지 물어봤음,back,라이너(컬쳐핏),2024
->여기서 꼬리질문 계속,back,라이너(컬쳐핏),2024
왜 소마고 진학하게 됐는지,back,라이너(컬쳐핏),2024
가장 힘들었을 때?,back,라이너(컬쳐핏),2024
될락말락한거를 열심히해서 성공시킨 경험,back,라이너(컬쳐핏),2024
반대로 실패한 경험,back,라이너(컬쳐핏),2024
크게 실패한 경험,back,라이너(컬쳐핏),2024
나에겐 일이란 무엇인지?,back,라이너(컬쳐핏),2024
어떤 팀이 가장 이상적인지,back,라이너(컬쳐핏),2024
사람을 볼 때 무엇을 중요하게 생각하는지,back,라이너(컬쳐핏),2024
롤모델이 누군지,back,라이너(컬쳐핏),2024
마지막으로 궁금한거,back,라이너(컬쳐핏),2024
프로젝트를 통해 배운 내용?,back,후아,2024
개인정보나 데이터를 보호하려고 노력한 경험,back,후아,2024
"상사가 윤리에 맞지 않은 일을 지시했을 때, 대처방안",back,후아,2024
팀원과 협헐할 때 사용한 협업 툴,back,후아,2024
"자신 성격의 장 /단점, 단점을 해결하기 위해 노력한 내용",back,후아,2024
회사에 외국인 직원이 있다. 외국어로 소통하는게 괜찮은지?,back,후아,2024
한 번에 여러 프로젝트를 몇 개 까지 진행해 봤는가?,back,후아,2024
"한 번에 최대 3개까지 진행했는데, 마감일이 모두 겹친다면 어떻게 대처할 것인가?",back,후아,2024
여가 시간 하는 취미는?,back,후아,2024
"회사 프로젝트 진행 중, 다양한 기술을 배워야 하는데 괜찮은지?",back,후아,2024
회사에 들어오게 된다면 하고 싶은 일은?,back,후아,2024
이력서의 게임은 혼자서 다 개발했는지?,game,공감오래컨텐츠,2024
어떠한 장르의 게임을 좋아하는지?,game,공감오래컨텐츠,2024
게임 전체를 혼자 개발 가능한지?,game,공감오래컨텐츠,2024
이력서의 게임에 대한 장르,game,공감오래컨텐츠,2024
게임잼(회사 대회)에 대해 들어본 적 있는지?,game,공감오래컨텐츠,2024
(부마위키) 개발 계기,front,핀다(최종면접),2024
"(부마위키 + 부마코인) 이 서비스를 왜 부마위키에 넣었는지, 코인의 작동 방식",front,핀다(최종면접),2024
"회사에 들어오면 팀원으로 들어올텐데, 팀장이랑 잘 맞지 않을 때 대처",front,핀다(최종면접),2024
협업하면 제일 좋을 것 같은 동료는 어떤 상인지,front,핀다(최종면접),2024
협업하기 싫은 도욜와는 어떻게 협업할 것인지,front,핀다(최종면접),2024
"핀다를 포함하여 여러 회사를 알아보고 있을 텐데, 어떤 기준으로 지원할 회사를 골랐는지",front,핀다(최종면접),2024
전교회장이 된 계기(출마 이유),front,핀다(최종면접),2024
"금유이라는 도메인에 굉장히 관심이 많아 보이는데, 이유가 있는지",front,핀다(최종면접),2024
(모의주식투자도 재밌게 했다라고 답변했을 때) 모의주식투자로 얼마 벌었는지,front,핀다(최종면접),2024
회사에 왔을 때 작용할 것 같은 본인의 장점과 단점,front,핀다(최종면접),2024
"웹 프론트엔드 개발자의 측면에서 작용할것 본인의 장점, 단점",front,핀다(최종면접),2024
본인의 단점을 보완하기 위해 한 행동은?,front,핀다(최종면접),2024
핀다에 오면 어떤 점을 얻는 것이 가장 기대되는지,front,핀다(최종면접),2024
"핀다 포스트를 많이 보셨다고 했는데, 제일 기억에 남는 글이 무엇인지",front,핀다(최종면접),2024
"향후 계획이 어떻게 되는지, 장기적인 향후 계획이 어떻게 되는지",front,핀다(최종면접),2024
자기소개,front,쏘카(최종면접),2024
평소 일상적인 문제점을 해결 하는것을 좋아함. 마루,front,쏘카(최종면접),2024
지원 동기,front,쏘카(최종면접),2024
"문제를 공감하는가 중요함, 쏘카의 문제 해결 내용이 좋다.",front,쏘카(최종면접),2024
궁금한점,front,쏘카(최종면접),2024
"소카는 슈퍼앱, 카쉐어링 뿐 아니라 전기자전거 숙박 등 이동적인 문제를 해결하고자 한다. 기존에 카 쉐어링을 잘 해결해서 넘어가는건지 아니면 다른 시장을 먹기 위해 확장하는 것인지",front,쏘카(최종면접),2024
실패 경험,front,쏘카(최종면접),2024
"마루에서 리더의 역할을 못함, 동기 부여를 해주지 못했다.",front,쏘카(최종면접),2024
프리라이더,front,쏘카(최종면접),2024
생기는 이유에 대해 생각해보겟따. 애정이 없음. 프로덕트 가치를 이야기 해봄,front,쏘카(최종면접),2024
장단점,front,쏘카(최종면접),2024
쏘카에 와서 어떤 것을 얻을거라 기대하는지,front,쏘카(최종면접),2024
"프로덕트에 기여하는 것, 성취감을 통해",front,쏘카(최종면접),2024
실제로 투입 가능한지?,front,쏘카(최종면접),2024
향후 계획,front,쏘카(최종면접),2024
"서비스 아이템들이 유저들에게 스며드는것이 좋아, 추후 창업",front,쏘카(최종면접),2024
사내 업무 프로세스,front,쏘카(최종면접),2024
(코테) 총 30분 동안 3문제 손코딩 시킴 (언어 무관)-피라미드 별찍기(백준 문제),back,씨메스,2025
(코테) 괄호 제대로 닫히는지 true/false (백준 문제),back,씨메스,2025
(코테) 직사각형 꼭짓점 끼리 직선으로 이었을 때 총 몇개의 블럭을 지나는가(사내 문제),back,씨메스,2025
프로젝트 동기부여는 어떻게 얻나,back,씨메스,2025
프로젝트 기술스택 선정 이유,back,씨메스,2025
Jmeter로 뭐 했는지(이력서에 적혀있어서 그런 듯),back,씨메스,2025
회사에 궁금한점,back,씨메스,2025
React에서 리랜더링 되는 조건 2가지,front,똑개,2025
React Components가 Unmount되었을때 다시 Mount시키는 법은?,front,똑개,2025
아래 JS 코드를 최적화 시켜보세요.,front,똑개,2025
아래 타입을 모두 사용하여서 빈칸을 채우시오,front,똑개,2025
아래 diagram은 Circle과 Rectngle의 타입을 이용하고 있는데 어떻게 개선 할 수 있을까요?,front,똑개,2025
"아래는 똑똑한 개발자의 보일러플레이트이다.https://github.com/TOKTOKHAN-DEV/next-init-2.0 
보일러 플레이트에서 로그인을 어떻게 처리하고 토큰을 어떻게 관리하나? 
보일러 플레이트에서 토큰이 만료되었을때 refresh는 어떻게 처리되는가? 
보일러플레이트에 blog를 만들려고 한다. 필요한 파일의 path를 적고 설명을 쓰시오 
보일러플레이트에서 수정해야할 것이 있는가? 없다면 생략가능",front,똑개,2025
휴대폰에 암호를 걸게 된 계기는?,security,더스팟,2025
휴대폰에 건 암호가 진짜 효과가 있을까요?,security,더스팟,2025
휴대폰에 거는 암호의 동작 원리나 구현에 대해서 깊이 생각해 본 적이 있나요?,security,더스팟,2025
"보안의 분야가 다양한데 굳이 암호학, 포너블을 공부하게 된 이유는?",security,더스팟,2025
"자기 능력을 0~10정도로 보았을 때 암호학, 포너블은 몇 단계 정도 되는 것 같나요?",security,더스팟,2025
기본적인 암호화 알고리즘을 구현해보셨나요?,security,더스팟,2025
암호화 알고리즘을 제대로 써야 하는 이유? (구현을 제대로 해야 하는 이유는?),security,더스팟,2025
취약한 암호화 알고리즘을 공격해본 경험이 있나요?,security,더스팟,2025
어려운 분야를 공부하다 보면 포기하고 싶은 순간이 많이 오는데 그걸 극복할 수 있었던 계기가 있나요?,security,더스팟,2025
"일을 하다 보면 안 풀리는 문제나 기간이 촉박해지는 등의 상황이 발생할 수 있는데, 이걸 어떻게 극복할 건가요?",security,더스팟,2025
남들보다 특별히 잘하는 게 있나요?,security,더스팟,2025
arm32에서 함수 호출을 할 때 사용되는 인자는 몇 번 레지스터에 저장을 해서 사용하나요?,security,더스팟,2025
arm32 기계어 코드가 몇 바이트인가요?,security,더스팟,2025
"Intel 기계어 코드는 몇 바이트인가요?
-> Intel에서 명령어마다 바이트 수가 다른 이유가 무엇인가요?",security,더스팟,2025
C로 된 바이너리를 리버싱하는 것과 C++로 된 바이너리를 리버싱하는 데 어떤 차이점을 느꼈나요?,security,더스팟,2025
리버싱 도구는 주로 어떤 것을 사용하나요?,security,더스팟,2025
리버싱 도구가 없는 상황에서 GDB로만 어느 정도 분석을 할 수 있나요?,security,더스팟,2025
BoB를 하면서 가장 기억에 남는 해킹 기법은?,security,더스팟,2025
커널이 뭐예요?,security,더스팟,2025
"ASLR, KASLR이 동작할 수 있는 이유는 무엇인가요?",security,더스팟,2025
피지컬 메모리만 사용을 한다면 ASLR을 사용할 수 있을까요?,security,더스팟,2025
BoB 프로젝트 중에서 개인 성과가 무엇인가요?,security,더스팟,2025
아웃 오브 바운드(OOB)와 버퍼 오버플로우(BOF)의 차이점이 뭔가요?,security,더스팟,2025
블랙박스 바이너리를 리버싱할 때 디컴파일 된 코드를 보고 이게 어떤 암호화 알고리즘인지 알 수 있으세요?,security,더스팟,2025
암호화 라이브러리는 어떤 거 써보셨을까요?,security,더스팟,2025
mbedTLS 들어보셨나요?,security,더스팟,2025
잘못 구현된 암호화 알고리즘을 익스플로잇하는 코드를 작성 해 본 적이 있으신가요?,security,더스팟,2025
키 유출 취약점이 있는 문제를 풀어 보신 적이 있으신가요? (기술적으로 구체적이게 설명해달라),security,더스팟,2025
CTF와 리얼 월드의 차이점이 뭐인 것 같아요?,security,더스팟,2025
리얼월드에서 취약점을 찾지 못해 좌절하면 어떻게 극복할 수 있나요?,security,더스팟,2025
안드로이드 기기를 루팅 해 본적이 있으신가요?,security,더스팟,2025
루팅을 제한하는 이유가 뭔가요?,security,더스팟,2025
남들과 자기 자신을 비교했을 때 자기가 좀 떨어진다고 생각하는 게 무엇인가요?,security,더스팟,2025
남들한테 가르치는 게 좋아요? 아니면 가르침을 받는 게 좋아요?,security,더스팟,2025
본인이 보유하고 있는 기술이 무엇인가요?,security,더스팟,2025
포인터가 뭔가요? 왜 쓸까요?,security,더스팟,2025
이중 포인터는 뭔가요? 왜씀?,security,더스팟,2025
함수 포인터 들어보셨나요? 설명이나 사례있어요?,security,더스팟,2025
메모리 구조에서의 스택과 힙의 차이점이 뭔가요?,security,더스팟,2025
연결 리스트 설명해주세요. 왜씀?,security,더스팟,2025
"40. 바이너리를 분석 할 때 PE파일과 ELF 파일 중 어느 것을 더 많이 해보셨나요? 
1. 분석할 때는 어떤 툴 사용하셨나요?",security,더스팟,2025
페이지가 뭐죠? 왜씀?,security,더스팟,2025
주소 변환(가상 메모리)이 왜 필요하죠?,security,더스팟,2025
"윈도우 커널이 재밌다고 했는데, 뭐가 제일 인상 깊었나요?",security,더스팟,2025
본인이 가지고 있는 재능을 어디에 쓰고 싶나요?,security,더스팟,2025
저희 회사에 들어온다고 하면 어떤 걸 요구해 보고 싶나요?,security,더스팟,2025
다른 회사에 근무한 적이 있나요?,security,더스팟,2025
원하지 않는 직무를 해본 경험이 있나요?,security,더스팟,2025
원하지 않는 직무가 생겼을 때 어떻게 해쳐나가야 해요?,security,더스팟,2025
BoB를 하는 데 있어 제 1 동기가 뭐예요?,security,더스팟,2025
본인이 생각하는 책임감은 어떤 거예요?,security,더스팟,2025
내가 요청한 건 잘 해오는데 책임감이 없는 경우는 어떻게 할 거예요?,security,더스팟,2025
회사에 들어오게 되면 배경 지식이 많이 필요해 학습량이 많은데 따라올 수 있을 것 같나요?,security,더스팟,2025
"CSRF, XSS, SQL Injection의 차이점은 무엇인가요?",back,지오영,2025
인증(Authentication)과 인가(Authorization)의 차이는 무엇인가요?,back,지오영,2025
"REST API란 무엇이며, 어떤 장점이 있나요?",back,지오영,2025
"웹 보안 취약점에는 어떤 것들이 있으며, 이를 방어하는 방법은 무엇인가요?",back,지오영,2025
상태(State) 관리란 무엇인가요?,back,지오영,2025
자바스크립트의 호이스팅(Hoisting)이란 무엇인가요?,back,지오영,2025
"클로저(Closure)란 무엇이며, 어떻게 동작하나요?",back,지오영,2025
클래스형 컴포넌트와 함수형 컴포넌트의 차이는 무엇인가요?,back,지오영,2025
JWT(Json Web Token)란 무엇인가요?,back,지오영,2025
OAuth 2.0 인증 방식에 대해 설명해주세요.,back,지오영,2025
함수형 프로그래밍(Functional Programming)이란 무엇인가요?,back,지오영,2025
"Lock의 종류에는 무엇이 있으며, 실제로 사용해본 것은 무엇인가요?",back,지오영,2025
비동기 프로그래밍을 할 때 고려해야 할 점은 무엇인가요?,back,지오영,2025
"두 개의 테이블을 손코딩으로 설계하고, JPA 어노테이션을 활용하여 연관관계를 설정해주세요.",back,지오영,2025
사용해본 디자인 패턴과 그 선택 이유를 설명해주세요.,back,지오영,2025
"배포 이후 서버 속도가 느려졌을 때, 문제를 해결하는 방법을 설명해주세요.",back,지오영,2025
부산소프트웨어마이스터고등학교(소마고)에 지원한 이유는 무엇인가요?,back,지오영,2025
대학에 진학하지 않고 바로 취업하려는 이유가 있나요?,back,지오영,2025
피보나치 수열을 손코딩으로 작성해주세요.,back,지오영,2025
이제 분산 시스템을 쓰다 보면 두 개의 시스템에서 나올 수 있는 좀 내결함성에 대한 문제로 이해하시면 좋을 것 같고 그래서 이제 pg사의 결제 API를 연동하는 시나리오를 가정해 본다면 저희가 이제 결제 승인 API 요청을 했는데 네트워크 타임아웃으로 인해서 리스폰스를 받지 못하는 상황이 나올 수가 있을 것 같은데 이런 경우에는 결제가 처리되었는지 되지 않았는지 확신할 수 없는 상황에 빠지게 되는데 어떻게 시스템적으로 나올 수 있는 문제들을 어떻게 자동화할 수 있는지 알고 계신 게 있으실까요?,back,라포랩스,2025
MSA라는 좀 아키텍처도 알고 계실까요?,back,라포랩스,2025
모노리스 환경 같은 경우에는 하나의 트랜잭션에서 뭐 주문 결제 포인트 배송을 한 번에 다 묶을 수 있는데 MSA 아키텍처인 경우에는 각각의 서버가 분리되어 있다 보니까 분산 트랜잭션이라는 형태의 어떤 트랜잭션을 구현해야 되는데 혹시 MSA 환경에서 분산 트랜잭션을 구현하는 방법을 알고 계신 게 있으신가요?,back,라포랩스,2025
분산 아키텍처이기 때문에 각각의 서버들의 데이터베이스는 다 분리가 되어 있을 것 같은데 시나리오 중에서 이제 주문을 하고 결제를 하고 네 포인트를 지급하려고 했더니 포인트가 이제 포인트 서버가 터져서 포인트 지급이 제대로 안 돼서 이제 포인트 지급에 실패했다라는 가정이 됐을 때 그럼 주문과 결제가 다시 롤백 돼야 될 것 같은데 지금 답변 주신 형태에서는 불가능할 것 같아서 혹시 그 상황이라면 어떤 식으로 골백 시나리오를 그릴 수 있는지 궁금합니다.,back,라포랩스,2025
그 데이터베이스에 저희가 이제 좀 추상적으로는 옵티미스팅 락과 페시미스팅 락이라고 하는 두 개의 락이 있는데 이 두 개의 락이 어떤 락이고 실제로 커맨드 되는 형태의 쿼리문 어떤 커리문인지까지 알려주시면 좋을 것 같습니다.,back,라포랩스,2025
MySQL의 기본 아이솔레이션 레벨이 리피 테이블 리드라는 레벨인데 혹시 해당 레벨에서 나오는 동시성 문제를 알고 계시나요?,back,라포랩스,2025
JWT가 이제 기존의 어떤 세션 클러스터 방식과 다르게 어떤 세션들을 이제 어떠한 임시 메모리에 저장을 시키는 구조가 아니고 토큰을 받으면 그거에 대한 인증을 해주는 알고리즘인데 혹시 JWT가 어떤 방식으로 그 인증을 하는지 알고 계신가요? 이게 유효한 토큰이라는 거를 어떻게 확인하는지 를 잘 설명해 주시면 좋을 것 같습니다.,back,라포랩스,2025
"진행하는 프로젝트들을 어떤 고민을 하면서 골랐는지? 
진행했던 팀원 수는? IOJ의 아키텍처를 보드에 그려주세요 pub/sub는 어떤 웹 서버가 하는지? 웹소켓 연결이 끊어졌을 때의 대응 방법 
아이디어는 누가 주도해서 끌고 갔나? 
시장에 비슷한 아이디어가 있었는지? 
도커를 활용해 코드 컴파일을 어떻게 하는지? 
ec2 용량이 어떻게 되는지? 
메모리 이슈는 없었는지? 
더 버전업(개선)을 할 생각은 없는지?",back,서플라이스,2025
서울쪽에 회사를 알아보는 이유,back,서플라이스,2025
마이스터고를 가야겠다는 생각을 하게된 계기,back,서플라이스,2025
2. 자기소개(시간제한 없음),infra,더스팟,2025
3. 리눅스 환경 프로그램을 만들어 본 적이 있나요?,infra,더스팟,2025
4. 해당 프로그램을 자세히 소개해 주세요. -> 본인이 NPAS 프로젝트 소개함,infra,더스팟,2025
4-1. AI 있으면 성능이 필요할 것 같은데 어떻게 해결했나,infra,더스팟,2025
4-2. 머신러닝은 어떻게 구현했는지?,infra,더스팟,2025
4-3. 인터페이스는 어떻게 구현했는지?,infra,더스팟,2025
4-4. 라파이에서 랜으로만 캡처했는지?,infra,더스팟,2025
4-5. 프로그램 개발 기간은?,infra,더스팟,2025
"4-6. 이때까지 했던 기준으로, 프로젝트의 규모가 큰 편인가?",infra,더스팟,2025
4-7. 팀으로 개발을 했는지?,infra,더스팟,2025
4-8. 아쉬운 점은?,infra,더스팟,2025
4-9. 라파이 GPIO핀을 어떻게 효율적으로 사용한다는 건지?,infra,더스팟,2025
4-10. UART에 대해 설명하시오.,infra,더스팟,2025
5. 다른 프로젝트들의 아쉬운 점은?,infra,더스팟,2025
"6. 핵심 가치가 있던데, 적게된 계기가 있는지",infra,더스팟,2025
"7. notion에서 언어랑 프레임워크를 많이 썼던데, 느낀점이 있는지?",infra,더스팟,2025
8. 지금 깊게 배우고 싶은 기술이 있는지?,infra,더스팟,2025
9. 컴퓨터 동작원리에서 가장 이해가 안되는건 무엇이었나요?,infra,더스팟,2025
9-1. 폰 노이만 아키텍처에 대해 간략히 설명해 주세요.,infra,더스팟,2025
"9-2. CISC, RICS의 차이점에 대해 설명해 주세요.",infra,더스팟,2025
9-3. 리틀인디안과 빅인디안의 차이점은?,infra,더스팟,2025
9-4. 어떤 아키텍쳐의 어떤 Assembly를 분석해 봤는가?,infra,더스팟,2025
9-5. Assembly로만 프로그램을 작성한 경험이 있는지?,infra,더스팟,2025
10. 배포시스템이나 CICD를 구현해 봤는가?,infra,더스팟,2025
10.1 JAR이라면 완전한 JAVA 자체 프로그램인가? 아니면 Spring boot 같은걸 의미하는 지?,infra,더스팟,2025
11-1 객체지향의 3요소,infra,더스팟,2025
11-2. 개체 지향의 5원칙,infra,더스팟,2025
11-3. C언어를 얼마나 해봤는가?,infra,더스팟,2025
11-3. 객체지향을 이해하는데 어떤 노력을 했는가?,infra,더스팟,2025
11-3. C언어에서 const와 DEFINE의 차이점은?,infra,더스팟,2025
11-3. 포인터와 함수 포인터의 차이는?,infra,더스팟,2025
11-3. 다중 포인터가 의미하는 것은?,infra,더스팟,2025
11-4. C++에서 힙을 할당할 때 뭘 쓰는가?,infra,더스팟,2025
11-4. C Style array와 std::array의 차이는?,infra,더스팟,2025
11-4. Static Cast랑 Interpreter Cast의 차이?,infra,더스팟,2025
11-4. factorial pattern을 직접 작성했을 때 생길 수 있는 문제점,infra,더스팟,2025
11-4. constexpr가 뭔지 아는가?,infra,더스팟,2025
11-4. Shallow Copy와 Deep Copy의 차이는?,infra,더스팟,2025
11-4. Smart Pointer가 뭔지 아는가?,infra,더스팟,2025
"12. 이때까지 했던 것 중, 취업하면 어떤 분야에 취업하거나 연구하고 싶은지?",infra,더스팟,2025
13. 개발환경은?,infra,더스팟,2025
14. 가장 좋아하는 빌드 플랫폼,infra,더스팟,2025
15-1. TS 시작 프로젝트가 뭔가?,infra,더스팟,2025
15-2. 네이티브랑 하이브리드 중 뭐가 좋은지?,infra,더스팟,2025
15-3. 네이티브를 사용해야하는 경우가 어떤 것이 있는지,infra,더스팟,2025
16. 개발공부하면서 재미를 느끼는 부분은?,infra,더스팟,2025
16-1. 보안 중 어떤 부분이 가장 궁금한가?,infra,더스팟,2025
16-2. 바이너리 단에서 OS를 취약하게 접근할 수 있는 예시,infra,더스팟,2025
"16-3. VScode에서 Scanf 명령어를 사용하면 빨간줄이 나오는 데, 그 이유는?",infra,더스팟,2025
"17-1. 앱잼 참가했었는데, 참가한 프로젝트에 대해 설명해 주세요.",infra,더스팟,2025
"17-2. 프로젝트 진행에 문제가 있었다고 했는 데, 어떤 문제였는지?",infra,더스팟,2025
17-3. 본인이 생각하는 이상적인 상사는?,infra,더스팟,2025
17-4. 더스팟을 알고 있는지?,infra,더스팟,2025
17-5. 입사 포부?,infra,더스팟,2025
1. 자기소개 부탁드립니다.,back,잉카인터넷,2025
"2. 잉카인터넷에 어떻게 지원하게 되었고, 어떤 점에서 매력을 느끼셨나요?",back,잉카인터넷,2025
3. 잉카인터넷 제품 중에서 기억에 남거나 흥미 있었던 솔루션은 무엇인가요?,back,잉카인터넷,2025
4. 왜 일반고가 아닌 소프트웨어 마이스터고등학교에 진학하셨나요?,back,잉카인터넷,2025
5. 입학 후 실제 경험해보니 생각과 달랐던 점이나 좋았던 점은 무엇이었나요?,back,잉카인터넷,2025
6. 고등학교 3년 동안 웹 개발에 대부분 시간을 투자하셨나요?,back,잉카인터넷,2025
7. 백엔드 관련 질문을 하면 몇 년 정도 공부한 걸로 보면 될까요?,back,잉카인터넷,2025
8. 대학교 수준의 질문을 해도 괜찮을까요?,back,잉카인터넷,2025
9. 최근에 관심 있게 본 웹 개발 관련 기사나 기술은 무엇이 있나요?,back,잉카인터넷,2025
"10. JWT 관련 질문인데, 인증과 인가의 차이점을 설명해 주세요.",back,잉카인터넷,2025
11. 인증을 구현할 수 있는 방식에는 어떤 것들이 있나요?,back,잉카인터넷,2025
12. 인가는 어떤 방식으로 구현할 수 있나요?,back,잉카인터넷,2025
"13. 프로젝트에서 AOP를 성능 모니터링 용도로 사용하셨다는데, Filter, Interceptor, AOP의 차이는 무엇이고 왜 AOP를 선택하셨나요?",back,잉카인터넷,2025
14. 일반적으로 Filter나 Interceptor는 어떤 역할을 하나요?,back,잉카인터넷,2025
15. 고등학교 과정 중 본인이 가장 많은 시간을 투자한 기술 영역은 무엇인가요?,back,잉카인터넷,2025
"16. 자바를 공부하셨다면, 자바의 어떤 분야에 시간을 많이 쏟으셨나요?",back,잉카인터넷,2025
17. 자랑할 만한 자바 로직이 있다면 소개해 주세요.,back,잉카인터넷,2025
"18. 무중단 배포를 구현하셨다고 했는데, 무중단을 지원하지 않는 환경에서 이를 어떻게 구현할 수 있을까요?",back,잉카인터넷,2025
19. 데이터베이스도 포함한 무중단 배포를 하려면 어떤 방식을 사용할 수 있을까요?,back,잉카인터넷,2025
20. 프록시 서버를 사용한 DB 장애 대비 방식에 대해 알고 계신가요?,back,잉카인터넷,2025
"21. 새로운 테이블 추가, 구조 변경 등 스키마 변경이 필요한 상황에서는 어떻게 배포 전략을 설계하나요?",back,잉카인터넷,2025
22. 도메인 라우팅 시스템에 대해 설명해 주실 수 있나요?,back,잉카인터넷,2025
23. RDB와 NoSQL의 차이점을 설명해 주세요.,back,잉카인터넷,2025
24. 데이터베이스에서 파티셔닝과 샤딩의 차이점을 알고 계신가요?,back,잉카인터넷,2025
25. 파티셔닝 기준 키는 어떤 방식으로 설정하는 것이 적절하다고 생각하나요?,back,잉카인터넷,2025
26. 동기와 비동기의 차이점은 무엇인가요?,back,잉카인터넷,2025
27. ELK Stack이나 도커 등 최근 많이 사용하는 인프라 기술 중 학습한 것이 있나요?,back,잉카인터넷,2025
28. 평소 어떤 방식으로 개발 관련 공부를 하시나요?,back,잉카인터넷,2025
29. 가장 아끼는 개발 관련 책이나 강의는 무엇인가요?,back,잉카인터넷,2025
30. 디자인 패턴 중 알고 있는 이름을 몇 가지 말해 주세요.,back,잉카인터넷,2025
31. 싱글톤 패턴은 왜 사용하나요?,back,잉카인터넷,2025
32. 객체지향 프로그래밍의 개념과 원칙은 무엇인가요?,back,잉카인터넷,2025
33. 절차지향과 객체지향의 실행 속도 차이에 대해 어떻게 생각하시나요?,back,잉카인터넷,2025
34. REST와 RESTful의 차이는 무엇인가요?,back,잉카인터넷,2025
35. 세션 방식이 있음에도 불구하고 토큰 방식이 도입된 이유는 무엇인가요?,back,잉카인터넷,2025
36. 토큰 재사용과 위변조를 막기 위한 보완책은 무엇인가요?,back,잉카인터넷,2025
37. HTTP와 HTTPS의 차이는 무엇인가요?,back,잉카인터넷,2025
38. 제네릭 프로그래밍이란 무엇인가요?,back,잉카인터넷,2025
"39. SQL을 충분히 학습하셨다고 했는데, FULL OUTER JOIN에 대해 설명해 주세요.",back,잉카인터넷,2025
40. 자바 로직 구현 실력이 학교 내에서 상위 몇 % 정도라고 생각하시나요?,back,잉카인터넷,2025
41. 웹 개발 전체 기술을 포함하면 본인의 실력은 상위 몇 % 정도인가요?,back,잉카인터넷,2025
"42. 해당 수준은 팀 프로젝트 등 실제 경험 기반인가요, 개인적인 추측인가요?",back,잉카인터넷,2025
43. 프론트엔드 기술에 대해서는 어느 정도 알고 계신가요?,back,잉카인터넷,2025
44. 어떤 서비스를 만들고 싶은 개발자인가요?,back,잉카인터넷,2025
45. 본인이 잘하는데 면접에서 질문이 안 나왔다고 느낀 기술이 있다면 무엇인가요?,back,잉카인터넷,2025
46. 클린 아키텍처란 무엇인가요?,back,잉카인터넷,2025
47. 클린 아키텍처는 MSA(마이크로서비스 아키텍처)와 어떤 관계인가요?,back,잉카인터넷,2025
48. 서울에서 자취하며 근무하는 데에 부담은 없으신가요?,back,잉카인터넷,2025
49. 3개월 실습 후 채용으로 전환되지 않을 가능성에 대해 어떻게 생각하시나요?,back,잉카인터넷,2025
지원동기,front,미르니,2025
프론트 선택한이유,front,미르니,2025
캐주얼한 프로젝트 좋아하는지,front,미르니,2025
백엔드나 ai 전향의사 있는지,front,미르니,2025
디자이너와 소통 잘하는지,front,미르니,2025
3년뒤 어떤 개발자가 될지,front,미르니,2025
10년뒤 기획이나 기술 매니저중 더 관심있는거,front,미르니,2025
- 오늘 인터뷰를 위해 드래프타입에 대해 개인적으로 알아본 것은?,design,드래프타입,2025
- (양승만님)링크드인을 조회 했을 때 개인적으로 흥미로웠거나 개인적으로 궁금했던 것,design,드래프타입,2025
- 애드타입에 대해 알아봤을 때 어떤 점이 가장 흥미롭게 느껴졌나요?,design,드래프타입,2025
- 소프트웨어마이스터고를 처음에 선택하게 된 판단 배경,design,드래프타입,2025
"- 소프트웨어마이스터고에서 프로덕트 디자이너라는 진로를 선택하게 된 계기, 판단기준",design,드래프타입,2025
- 직장인으로서의 개인적인 꿈과 목표,design,드래프타입,2025
- 창업이나 강의를 제작하는 것을 왜 지금 당장 못한다고 생각하시나요?,design,드래프타입,2025
- 선임이 있는 환경이 필요한가요?,design,드래프타입,2025
- 어떤 방식으로 성장하는 것이 효율적이었나요?,design,드래프타입,2025
- 어떤 기술을 활용한 프로젝트를 경험하고 싶나요?,design,드래프타입,2025
- AI 기술을 활용한 프로젝트를 하고자 하는데 어떤 개인적인 욕망이 있어서 하고자 하는 건가요?,design,드래프타입,2025
- 어떤 AI들을 사용해봤는지,design,드래프타입,2025
"- AI를 쓸 때 주의해야할 점, Ai를 잘 활용하기 위해 내가 길러야 하는 역량",design,드래프타입,2025
- AI를 더 잘 활용하기 위해 기르고있는 역랑은 무엇인가요?,design,드래프타입,2025
- AI가 아닌 나와 일해야하는 이유,design,드래프타입,2025
- 회사를 왜 창업하고 싶어하는가?,design,드래프타입,2025
- 창업가가 되기 위해서 가장 절실하게 필요한 경험과 역량은 무엇인가?,design,드래프타입,2025
- 좋은 기획은 무엇이라고 생각하는가?,design,드래프타입,2025
- 좋은 기획을 경험했던 적이 있나요?,design,드래프타입,2025
- 어떤 사람이랑 같이 일할 때 특히 재밌나요?,design,드래프타입,2025
"- 어떠한 장점이 있고, 어떠한 약점이 있는가?",design,드래프타입,2025
- UX 디자이너와 프로덕트 디자이너의 차이점은?,design,드래프타입,2025
- 평소에 어디에서 어떻게 디자인 아이디어를 얻는가?,design,드래프타입,2025
- 현재 하는 프로젝트나 요즘에 관심을 가지고 학습하는 일이 무엇인가요?,design,드래프타입,2025
- 좋은 디자인이란 무엇인가?,design,드래프타입,2025
- 좋은 UX란 무엇인가?,design,드래프타입,2025
- 좋은 UX를 만들기 위한 프레임워크는?(현재 내가 좋은 UX를 만들기 위해 실천하고 있는 것),design,드래프타입,2025
- 회사가 디자이너를 필요로 하는 이유,design,드래프타입,2025
(역질문) 팀원 구성은 어떻게 되어있나요?,design,드래프타입,2025
(역질문) 입사 후 첫 3개월 동안 맡을 주요 업무는 어떤 것인가요?,design,드래프타입,2025
(역질문) 팀 내 의사결정은 어떤 프로세스로 이루어지나요?,design,드래프타입,2025
(역질문) 팀의 문화는 어떤가요?,design,드래프타입,2025
1. 자기소개,front,달파,2025
2. 어떤 프로젝트가 가장 인상 깊었냐,front,달파,2025
3. 마루에서 어떤 역할을 맡았냐,front,달파,2025
4. 진행 하시면서 어려웠던 일,front,달파,2025
5. 사용자들의 요구사항을 받아서 처리한 경험이 있냐,front,달파,2025
"6. 사용자(즉, 선생님)들의 요구사항을 받아서 처리한 경험이 있냐
(면접관님은 사용자 입장에서 말씀을 드린 것 같은데 잘못 이해해서 피드백을 처리한 경험을 말해서 한번 더 질문을 받음.)",front,달파,2025
7. 캐리어 프로젝트가 흥미로운데 해당 부분에서 어떤 부분을 맡았냐,front,달파,2025
8. 어떤식으로 협업을 하냐,front,달파,2025
9. 이런식으로 협업을 하시는 것 같은데 자세하게 설명해달라,front,달파,2025
10. 마루에서 recoil을 사용하신 이유를 설명해달라,front,달파,2025
11. 저희도 Presigned URL을 사용하는데 Presigned URL에 대해 설명해달라,front,달파,2025
12. 따로 여러개의 파일을 처리하기 위해서 Presigned URL이 작동하는 구조가 존재하냐,front,달파,2025
"13. Presigned URL을 사용하셨는데, 파일의 최대 사이즈를 어떻게 지정했냐",front,달파,2025
"14. 준비한 질문이 다 떨어졌는데, 하시고 싶은 말씀 있으시냐",front,달파,2025
1. 간단히 자기소개 해주세요.,back,달파,2025
2. 프로젝트 경험을 공유해주세요.,back,달파,2025
3. 팀장으로서 어려운 점이 있었나요?,back,달파,2025
"4. 웹 크롤링 경험이 있는데 왜, ? 하게 되었나요",back,달파,2025
5. 인간관계에서 어려웠던 점이 있었나요?,back,달파,2025
6. 웹 크롤링 경험에 대해 깊이 있게 설명해주시겠어요?,back,달파,2025
7. 프로젝트를 하며 가장 어려웠던 순간은 무엇이었나요?,back,달파,2025
8. 입사 이후 약간 다른 직무를 맡게 되어도 괜찮으신가요?,back,달파,2025
9. 회사에 여쭤보고 싶은 점 있으신가요?,back,달파,2025
1. 대표 프젝 설명해주세요.,back,사이버다임,2025
2. 대용량 서비스를 구상해야 할 때 어떤 아키텍처가 좋을 거 같나요?,back,사이버다임,2025
3. 3. java는 왜 선택? 사용하였나요?,back,사이버다임,2025
4. 다른 언어(node)와 비교했을 때 생산성 문제는 없나요?,back,사이버다임,2025
5. 어떤 버전 사용하시나요? (자바),back,사이버다임,2025
6. 백엔드는 언제부터 공부하셨나요?,back,사이버다임,2025
7. 완성된 프로젝트에서 갑작스럽게 로그를 추가해야 하는데 어떤 방식이 좋을 거 같나요?,back,사이버다임,2025
8. airport-pus 서비스 소개 중 실시간이라는 키워드가 있는데 설명가능하신가요?,back,사이버다임,2025
1. 간단한 자기 소개,ai,U2SR,2025
2. 요즘 읽고 있는 책,ai,U2SR,2025
3. 게임 좋아하는지(SW를 일상생활에서 많이 접할 수 있는 것이 게임이라서 묻는다고 덧붙임),ai,U2SR,2025
4. 원하는 직무 분야가 어떤 것인가,ai,U2SR,2025
5. 운동 좋아하는지,ai,U2SR,2025
6. 성격은 어떤지,ai,U2SR,2025
7. 질문 또는 입사 후 포부,ai,U2SR,2025
"8. 취업 후 대학에 진학할 생각이 있는지, 미래 진로를 어떤 방식으로 구상하고 있는지",ai,U2SR,2025
9. ai 개발할 때 어떤 언어를 쓰는가?,ai,U2SR,2025
10. Python 기반으로 만든 모델을 C# 환경에서 불라와서 써본 적이 있는가?,ai,U2SR,2025
11. openCV 사용하였나?,ai,U2SR,2025
12. change detection에 대해 아는가?,ai,U2SR,2025
13. 바로우산 프로젝트 소개에 PCB 회로 설계 내용이 있던데 이것도 다 할줄 아는가?,ai,U2SR,2025
14. 라즈베리파이에서 C# 환경 어디서 돌렸나? CPU? GPU? mono 사용하였나?,ai,U2SR,2025
15. TCP 통신 사용할 줄 아는가?,ai,U2SR,2025
16. yolo 모델은 그럼 어디에 활용할 것인가?,ai,U2SR,2025
"17. 다른 친구들은 자격증을 적어놓았는데, 학생은 자격증이 없는 것인가? (포트폴리오에 있었음)",ai,U2SR,2025
1. 이번 면접이 첫 면접인가?,embedded,우리웍스,2025
2. 큐오티 면접 보러가나?,embedded,우리웍스,2025
3. MQTT 통신 방법 선정 이유?,embedded,우리웍스,2025
4. MQTT 트래픽 이슈 해결 방법?,embedded,우리웍스,2025
5. 겨울 캠프는 어떤 방식으로 진행되었는가?,embedded,우리웍스,2025
1. 이번 면접이 첫 면접인가?,embedded,우리웍스,2025
2. Epoch 설정을 왜 15로만 했나? (파이썬 AI 관련 질문),embedded,우리웍스,2025
3. 현장실습 학생 언제부터 컨택받을 수 있나?,embedded,우리웍스,2025
"4. AI 관련 코드들은 어떻게 쓴 거냐, 책에서 배웠냐 사이트 참고한 게 있나?",embedded,우리웍스,2025
1. 이번 면접이 처음인가?,embedded,우리웍스,2025
2. 학교에서 어쩌다 회사를 소개해줬고 알게 됐나?,embedded,우리웍스,2025
3. 우리 회사에 대해서 궁금한 점,embedded,우리웍스,2025
4. 우리 회사에 대해서 알고 있는 것,embedded,우리웍스,2025
5. PCB 한 거 보여줄 수 있나?,embedded,우리웍스,2025
6. 눈에띄네는 어떤 프로젝트인가?,embedded,우리웍스,2025
7. 포유에서 겟포스트 방식을 사용한 이유,embedded,우리웍스,2025
8. 겟포스트 방식에서 슬래쉬(/)를 많이 사용한 이유,embedded,우리웍스,2025
"1. 포트폴리오 보며 프로젝트에 대해 상세 설명(과정에서 있었던 트러블, 사용한 기술)",embedded,큐오티,2025
2. PCB는 어디까지 만들어봤는가? (2층 레이어?),embedded,큐오티,2025
3. 좋아하는 운동은?,embedded,큐오티,2025
4.취미는 무엇인가?,embedded,큐오티,2025
5. 각자 어디 살고 있나?,embedded,큐오티,2025
6. 회사에 입사하게 된다면 포부,embedded,큐오티,2025
7. 회사에 입사하게 된다면 어떤 일을 하고 싶나?,embedded,큐오티,2025
8. 마이스터고에 입학한 이유,embedded,큐오티,2025
9. 임베과에 진학하게 된 계기/이유,embedded,큐오티,2025
10. SW개발과는 무엇을 하는가?,embedded,큐오티,2025
11. 병특에 대한 생각 + 군대에 대한 생각,embedded,큐오티,2025
12. 방위산업체에 대한 생각,embedded,큐오티,2025
13. 여친 있는가?,embedded,큐오티,2025
꿈이 뭔가요?,front,바카티오,2025
ㄴ 왜 그런꿈을 가지게 됐나요?,front,바카티오,2025
개발자로서의 꿈이 뭔가요?,front,바카티오,2025
ㄴ 세미나 좋아하시나요?,front,바카티오,2025
ㄴ 가장 인상 깊었던 세미나가 있나요?,front,바카티오,2025
ㄴ 그것으로 인해 본인이 바뀐게 있나요?,front,바카티오,2025
지금은 어떤 것에 시간을 가장 많이 쓰고있나요?,front,바카티오,2025
ㄴ어떤 것을 개발하고있나요? (졸작),front,바카티오,2025
ㄴ몇명에서 개발하고 있나요? (졸작),front,바카티오,2025
개발하면서 힘들었던 경험이 있나요?,front,바카티오,2025
백엔드 개발 해봤나요?,front,바카티오,2025
ㄴapi 짤수있나요??,front,바카티오,2025
본인이 생각하는 본인의 개발실력은 어느정도라고 생각하나요?(어느정도까지 개발할 수 있겠는지),front,바카티오,2025
번아웃 왔을때 대처법이 뭔가요?,front,바카티오,2025
스트레스를 가장 많이 받았던 일은 뭔가요?,front,바카티오,2025
가장 큰 성과와 실패한 경험은 뭔가요?,front,바카티오,2025
남이 평가하는 내 성격은 어떤가요?,front,바카티오,2025
같이 일하고 싶은 팀원과 일 하기 싫은 팀원은 무슨 타입이 있나요?,front,바카티오,2025
리더가 본인과 정 반대의 성향이라면 어떻게 생활하실건가요?,front,바카티오,2025
본인은 남의 말을 경청하는 스타일 vs 의견을 내는 스타일,front,바카티오,2025
본인의 협업 스타일은 어떤가요?,front,바카티오,2025
본인의 장정과 단점은 뭔가요?,front,바카티오,2025
Ioj mvp테스트를 진행하고 받은 피드백은 뭐가 있었나요? 그것을 어떻게 해결했나요?,front,바카티오,2025
ㄴ ui적인 피드백은 어떤것이 있었나요?,front,바카티오,2025
마이스터고 온 이유가 뭔가요?,front,바카티오,2025
본인을 뽑아야하는 이유와 뽑지 말아야하는 이유가 뭔가요?,front,바카티오,2025
바카티오에 지원한 이유가 뭔가요?,front,바카티오,2025
리더로 참여하면서 협업하기 힘들었던 팀원과 해결방법이 뭔가요?,front,바카티오,2025
요즘 고민이 뭔가요?,front,바카티오,2025
회사에 어떤것을 기대하고 있나요?,front,바카티오,2025
ㄴ 유지보수하는일 vs 새로운것을 만드는일,front,바카티오,2025
코딩이 아직 재밌나요?,front,바카티오,2025
문제풀이 (20분),infra,리얼시큐,2025
Windows와 Unix의 차이,infra,리얼시큐,2025
Real-Time OS가 무엇인지,infra,리얼시큐,2025
strcpy()와 memcpy()의 차이점,infra,리얼시큐,2025
콘솔에서 “Hello World~”를 출력할 수 있는 코드 작성 (언어 무관),infra,리얼시큐,2025
strcpy()를 c언어로 구현,infra,리얼시큐,2025
간단한 자기소개,infra,리얼시큐,2025
부산소프트웨어마이스터고등학교에 진학한 이유,infra,리얼시큐,2025
코딩을 언제 처음 접했는지,infra,리얼시큐,2025
학교 커리큘럼 소개,infra,리얼시큐,2025
진행했던 프로젝트 소개,infra,리얼시큐,2025
서비스 기능과 보안중 어떤것이 중요하다 생각하는지,infra,리얼시큐,2025
협업할때 만약 본인이 이미 많은 테스크가 있는데 다른 부서에서 다른일을 준다면 어떻게 대처할건가요?,front,바카티오,2025
지금 런칭 예정중인 ai로 여행 지역 추천해주는 서비스가 있는데 그 서비스에 들어가면 좋을만한 아이디어 말해주세요,front,바카티오,2025
ㄴ 그 아이디어가 들어가면 본인은 사용할 것 같나요?,front,바카티오,2025
유지보수해야할 부분이있는데 먼저 배포를 하고 수정 vs 수정을 모두 마친 후 배포,front,바카티오,2025
ㄴ 본인이 생각하는 좋은 ux란 무엇인가요?,front,바카티오,2025
ㄴ 본인이 생각하는 유지보수란 무엇인가요?,front,바카티오,2025
ㄴ 본인이 유지보수해서 얻은 성과는 뭐가 있나요?,front,바카티오,2025
ㄴ 유지보수했던 과정을 설명해주세요,front,바카티오,2025
ㄴ 유지보수하는 과정에서 하나 고치고 배포하는 형식으로 진행했나요?,front,바카티오,2025
협업하면서 스트레스 받았던 경험을 말해주세요,front,바카티오,2025
본인의 장점과 단점을 말해주세요,front,바카티오,2025
ㄴ 개발자로서의 장점과 단점을 말해주세요,front,바카티오,2025
백엔드 개발 할 줄 아시나요?,front,바카티오,2025
배포 해봤나요?,front,바카티오,2025
회사에 기대하는 부분은 어떤게 있나요?,front,바카티오,2025
내가 원하는 일을 못하게 되거나 처음 해보는 일을 하게 된다면 어떻게 할것인가요?,front,바카티오,2025
qa 진행한 경혐이 있나요?,front,바카티오,2025
스타트업이다보니 개발 속도가 중요한데 입사하게 된다면 많은 일을 빠르게 처리해야하는데 괜찮나요?,front,바카티오,2025
ai에 대해 어떻게 생각하고 있나요?,front,바카티오,2025
ㄴ ai를 어떻게 사용하고 있나요?,front,바카티오,2025
개발자로서 본인이 뛰어나다고 생각하는 부분은 뭔가요,front,바카티오,2025
개발관련 트러블슈팅을 설명해주세요,front,바카티오,2025
궁금한거 질문 해 주세요,front,바카티오,2025
회사에 오기 전에 런칭예정인 앱을 사용해보고 오면 좋을 것 같다고 하셨음,front,바카티오,2025
간단한 자기 소개,embedded,썬컴,2025
면접이 처음인지?,embedded,썬컴,2025
ㄴ 이전의 면접 분위기는 어땠는지?,embedded,썬컴,2025
MBTI가 무엇인가요?,embedded,썬컴,2025
전공 동아리 프로젝트(어딧노)에 대한 간략한 설명 요구,embedded,썬컴,2025
ㄴ 전공 동아리 제도에 대한 질문(전학년이 다 하는 건가요? 몇 명으로 구성되어 있나요? 반드시 하나의 전공 동아리에 들어야 하나요?),embedded,썬컴,2025
ㄴ 전공 동아리 진행 과정에서 갈등을 겪었던 적은 없는지? 어떻게 해결했는지?,embedded,썬컴,2025
ㄴ 전공 동아리 진행 과정에서 본인이 맡은 역할 구체적으로 설명,embedded,썬컴,2025
"ㄴ 전공 동아리에서 본인이 맡은 역할(하드웨어) 외에 다른 부분(프론트, AI 등)은 전혀 할줄 모르는지?",embedded,썬컴,2025
ㄴ 노션에 정리된 포트폴리오 중 코드 부분을 인쇄하여 해당 코드에 대한 설명 요구,embedded,썬컴,2025
사이드 프로젝트(졸업작품전)에 대한 간략한 설명 요구,embedded,썬컴,2025
입사하게 되면 스트레스 받는 일이 많을 텐데 스트레스를 푸는 본인만의 방식?,embedded,썬컴,2025
취미는 무엇인가요?,embedded,썬컴,2025
ㄴ (유튜브 시청과 게임이라고 답하자) 어떤 유튜브 채널을 즐겨 보나요? 그 채널에 대해 간단히 설명해줄래요? 가장 잘하는 게임은 무엇인가요?,embedded,썬컴,2025
매일 통학하나요? 기숙사에서 생활하나요?,embedded,썬컴,2025
ㄴ (기숙사라고 답하자) 현장실습을 시작하게 되어도 학교 기숙사에서 통근 하나요? (집에서 다닌다고 답하자) 집은 어디인가요? 어떻게 출근할 예정인가요?,embedded,썬컴,2025
"이력서와 포트폴리오를 보니 OPEN CV에 대한 언급이 많이 나오는데, 이 부분에 대해서는 본인이 얼마나 알고 있나요?",embedded,썬컴,2025
포트폴리오에 제시한 기술 스택 중 본인이 가장 자신 있는 기술은 무엇인가요?,embedded,썬컴,2025
"ㄴ (기술 선택 후) 그 기술을 상 중 하로 나눈다면, 어느 수준이라고 볼 수 있나요?",embedded,썬컴,2025
파이썬은 얼마 만큼 다룰 줄 아나요?,embedded,썬컴,2025
"(현장 실습생에게 높은 수준의 기술을 요구하지는 않는다는 말을 한 후) 배우고자 하는 태도와 열정이 가장 중요한데, 그 부분이 준비가 되어 있나요?",embedded,썬컴,2025
"ㄴ 업무 특성상 사수와 함께 현장 방문(출장)을 가야 하는 경우도 많은데, 괜찮은가요?",embedded,썬컴,2025
회사에 대해 더 궁금한 점이 있나요?,embedded,썬컴,2025
"현장 실습을 하게 된다면, 회사에 이것 만큼은 해주셨으면 좋겠다 혹은 하지 않으셨으면 좋겠다 하는 게 있나요?",embedded,썬컴,2025
"포트폴리오에 제시된 여러 서술 중 본인이 한 것이 아닌 느낌이 나는 부분에 대해서는 모두 짚어내며 구체적으로 물어봤음
(본인이 한 건지 팀원이 한 건지, 해당 기술/코드를 본인도 구사할 수 있는 것인지, 회사에 들어와서 이 부분을 써야 할 수도 있는데 가능한지 등)",embedded,썬컴,2025
못 먹는 음식이 있나요?,embedded,썬컴,2025
PCB 말고 다른 관심사가 무엇인가요?,embedded,썬컴,2025
팀원과의 갈등이 생겼을 때 대처 방안은?,embedded,썬컴,2025